{
  "hash": "d9f005d8",
  "configHash": "494fc693",
  "lockfileHash": "440fa45e",
  "browserHash": "2f659453",
  "optimized": {
    "@angular/common": {
      "src": "../../../../../../node_modules/@angular/common/fesm2022/common.mjs",
      "file": "@angular_common.js",
      "fileHash": "6ba9ffcc",
      "needsInterop": false
    },
    "@angular/common/http": {
      "src": "../../../../../../node_modules/@angular/common/fesm2022/http.mjs",
      "file": "@angular_common_http.js",
      "fileHash": "86929d74",
      "needsInterop": false
    },
    "@angular/core": {
      "src": "../../../../../../node_modules/@angular/core/fesm2022/core.mjs",
      "file": "@angular_core.js",
      "fileHash": "695ec68e",
      "needsInterop": false
    },
    "@angular/forms": {
      "src": "../../../../../../node_modules/@angular/forms/fesm2022/forms.mjs",
      "file": "@angular_forms.js",
      "fileHash": "d6e52c05",
      "needsInterop": false
    },
    "@angular/platform-browser": {
      "src": "../../../../../../node_modules/@angular/platform-browser/fesm2022/platform-browser.mjs",
      "file": "@angular_platform-browser.js",
      "fileHash": "d858356a",
      "needsInterop": false
    },
    "@angular/router": {
      "src": "../../../../../../node_modules/@angular/router/fesm2022/router.mjs",
      "file": "@angular_router.js",
      "fileHash": "204de4e7",
      "needsInterop": false
    },
    "rxjs": {
      "src": "../../../../../../node_modules/rxjs/dist/esm5/index.js",
      "file": "rxjs.js",
      "fileHash": "8fae1060",
      "needsInterop": false
    },
    "rxjs/operators": {
      "src": "../../../../../../node_modules/rxjs/dist/esm5/operators/index.js",
      "file": "rxjs_operators.js",
      "fileHash": "b60c3e84",
      "needsInterop": false
    }
  },
  "chunks": {
    "chunk-Y72BVZ32": {
      "file": "chunk-Y72BVZ32.js"
    },
    "chunk-N5TSOK5D": {
      "file": "chunk-N5TSOK5D.js"
    },
    "chunk-NDWSHPHP": {
      "file": "chunk-NDWSHPHP.js"
    },
    "chunk-TK5NQUFR": {
      "file": "chunk-TK5NQUFR.js"
    },
    "chunk-XZO76R2V": {
      "file": "chunk-XZO76R2V.js"
    },
    "chunk-WZZJOV5G": {
      "file": "chunk-WZZJOV5G.js"
    },
    "chunk-DHFOCCO5": {
      "file": "chunk-DHFOCCO5.js"
    }
  }
}