{
  "hash": "9b971424",
  "configHash": "b090b576",
  "lockfileHash": "9ee091fa",
  "browserHash": "828e90a6",
  "optimized": {
    "@angular/common": {
      "src": "../../../../../../node_modules/@angular/common/fesm2022/common.mjs",
      "file": "@angular_common.js",
      "fileHash": "8902b614",
      "needsInterop": false
    },
    "@angular/core": {
      "src": "../../../../../../node_modules/@angular/core/fesm2022/core.mjs",
      "file": "@angular_core.js",
      "fileHash": "a31ba88a",
      "needsInterop": false
    },
    "@angular/platform-browser": {
      "src": "../../../../../../node_modules/@angular/platform-browser/fesm2022/platform-browser.mjs",
      "file": "@angular_platform-browser.js",
      "fileHash": "ab741232",
      "needsInterop": false
    },
    "@angular/router": {
      "src": "../../../../../../node_modules/@angular/router/fesm2022/router.mjs",
      "file": "@angular_router.js",
      "fileHash": "78ecd7f4",
      "needsInterop": false
    }
  },
  "chunks": {
    "chunk-2L73ZUI6": {
      "file": "chunk-2L73ZUI6.js"
    },
    "chunk-LNGJQ4BE": {
      "file": "chunk-LNGJQ4BE.js"
    },
    "chunk-NTS2FYPI": {
      "file": "chunk-NTS2FYPI.js"
    }
  }
}